Learning Rate,Epochs,Optimizer,Hidden Layers,Neurons,Activation Function,Validation Accuracy,Validation Hamming Loss,Validation Loss,Validation F1,Validation Precision,Validation Recall,Training Accuracy,Training Hamming Loss,Training Loss,Training F1,Training Precision,Training Recall
0.01,50,sgd,2,"[8, 10]",relu,0.65125,0.34875,5.260719552264828,0.04404354096403548,0.2533866995073892,0.02792019939506628,0.6580357142857143,0.3419642857142857,5.103610693724569,0.0719817773371743,0.5098718802437157,0.04323391083017387
0.01,50,gd,2,"[8, 10]",relu,0.501875,0.49812500000000004,9.20068541060366,0.35095842342269873,0.29684711474858066,0.5207517919683207,0.49660714285714286,0.5033928571428572,9.113002539395673,0.3559087866822309,0.36654587510730186,0.5263182572756078
0.01,50,mini-batch,2,"[8, 10]",relu,0.64125,0.35875,5.375017110138617,0.0915080951444663,0.21859180035650624,0.05966421312516647,0.6396428571428572,0.3603571428571428,5.300584692225135,0.10733174948661135,0.3784299345015034,0.0693053148785142
0.01,100,sgd,2,"[8, 10]",relu,0.65125,0.34875,5.260719552264828,0.04404354096403548,0.2533866995073892,0.02792019939506628,0.6580357142857143,0.3419642857142857,5.103610693724569,0.0719817773371743,0.5098718802437157,0.04323391083017387
0.01,100,gd,2,"[8, 10]",relu,0.501875,0.49812500000000004,9.010463902792987,0.3421080070085829,0.2916727914920776,0.49999112833567616,0.4992857142857143,0.5007142857142857,8.922518742452633,0.352359967497066,0.3668377028308809,0.5124643611018089
0.01,100,mini-batch,2,"[8, 10]",relu,0.64125,0.35875,5.375017110138617,0.0915080951444663,0.21859180035650624,0.05966421312516647,0.6396428571428572,0.3603571428571428,5.300584692225135,0.10733174948661135,0.3784299345015034,0.0693053148785142
0.01,50,sgd,2,"[16, 8]",relu,0.660625,0.339375,5.17694657377863,0.018531427184405595,0.2708333333333333,0.009722926526932612,0.6557142857142857,0.3442857142857143,5.096782726061181,0.0380369220728803,0.5151907903924033,0.020395826463596098
0.01,50,gd,2,"[16, 8]",relu,0.52375,0.47624999999999995,7.355695248680899,0.3394454740933819,0.2913870010488121,0.4443241132191257,0.5171428571428571,0.4828571428571429,7.603548069100932,0.3348051084263701,0.29459380006798475,0.43321926863550797
0.01,50,mini-batch,2,"[16, 8]",relu,0.62125,0.37875000000000003,5.796731642122292,0.1402140533200796,0.31697294803031106,0.12983844092047114,0.6173214285714286,0.3826785714285714,5.804356592118606,0.14795227477111153,0.31803286320875074,0.13110102045270797
0.01,100,sgd,2,"[16, 8]",relu,0.660625,0.339375,5.17694657377863,0.018531427184405595,0.2708333333333333,0.009722926526932612,0.6557142857142857,0.3442857142857143,5.096782726061181,0.0380369220728803,0.5151907903924033,0.020395826463596098
0.01,100,gd,2,"[16, 8]",relu,0.52375,0.47624999999999995,7.355695248680899,0.3394454740933819,0.2913870010488121,0.4443241132191257,0.5171428571428571,0.4828571428571429,7.603548069100932,0.3348051084263701,0.29459380006798475,0.43321926863550797
0.01,100,mini-batch,2,"[16, 8]",relu,0.62125,0.37875000000000003,5.796731642122292,0.1402140533200796,0.31697294803031106,0.12983844092047114,0.6173214285714286,0.3826785714285714,5.804356592118606,0.14795227477111153,0.31803286320875074,0.13110102045270797
0.01,50,sgd,3,"[8, 8, 4]",relu,0.66,0.33999999999999997,5.1550606927279,0.017857142857142856,0.046875,0.011029411764705883,0.6582142857142858,0.34178571428571425,5.109525785903539,0.026730956611451823,0.20652173913043478,0.015769112523058005
0.01,50,gd,3,"[8, 8, 4]",relu,0.478125,0.521875,6.517699738489558,0.35400905193346655,0.3106765225062355,0.5674014302591351,0.47625,0.5237499999999999,6.583317906674657,0.36582084961527717,0.349568184978939,0.5834325833328808
0.01,50,mini-batch,3,"[8, 8, 4]",relu,0.561875,0.438125,5.484721779157207,0.2337240214690917,0.23201477226612205,0.33711378490790256,0.5569642857142857,0.4430357142857143,5.48861161098865,0.23791617111023344,0.37362810227302756,0.3497381891204534
0.01,100,sgd,3,"[8, 8, 4]",relu,0.66,0.33999999999999997,5.1550606927279,0.017857142857142856,0.046875,0.011029411764705883,0.6582142857142858,0.34178571428571425,5.109525785903539,0.026730956611451823,0.20652173913043478,0.015769112523058005
0.01,100,gd,3,"[8, 8, 4]",relu,0.478125,0.521875,6.517699738489558,0.35400905193346655,0.3106765225062355,0.5674014302591351,0.47625,0.5237499999999999,6.583317906674657,0.36582084961527717,0.349568184978939,0.5834325833328808
0.01,100,mini-batch,3,"[8, 8, 4]",relu,0.6125,0.38749999999999996,5.368829132331171,0.14532667519096687,0.22055702917771883,0.14852309863339275,0.6175,0.38249999999999995,5.358933288235899,0.15206563467180662,0.48122344527172634,0.15765734308611787
0.01,50,sgd,3,"[16, 8, 16]",relu,0.6575,0.3425,5.205926246611593,0.023808407925864125,0.1893939393939394,0.013101705121703854,0.6569642857142857,0.34303571428571433,5.077449583463768,0.03100498120873229,0.3833035714285714,0.016660544276077365
0.01,50,gd,3,"[16, 8, 16]",relu,0.5625,0.4375,6.445493704072808,0.2312890461285767,0.33640034227501314,0.3148760168990816,0.5567857142857143,0.44321428571428567,6.516984968212284,0.22172950933344157,0.2958783883743924,0.296546951674555
0.01,50,mini-batch,3,"[16, 8, 16]",relu,0.6525,0.34750000000000003,5.277860524246693,0.057458949381980456,0.415922619047619,0.03422875036133894,0.6505357142857143,0.34946428571428567,5.187958530983557,0.0556911064997094,0.44896502509332126,0.03185270993664952
0.01,100,sgd,3,"[16, 8, 16]",relu,0.6575,0.3425,5.205926246611593,0.023808407925864125,0.1893939393939394,0.013101705121703854,0.6569642857142857,0.34303571428571433,5.077449583463768,0.03100498120873229,0.3833035714285714,0.016660544276077365
0.01,100,gd,3,"[16, 8, 16]",relu,0.5625,0.4375,6.445493704072808,0.2312890461285767,0.33640034227501314,0.3148760168990816,0.5567857142857143,0.44321428571428567,6.516984968212284,0.22172950933344157,0.2958783883743924,0.296546951674555
0.01,100,mini-batch,3,"[16, 8, 16]",relu,0.6525,0.34750000000000003,5.277860524246693,0.057458949381980456,0.415922619047619,0.03422875036133894,0.6505357142857143,0.34946428571428567,5.187958530983557,0.0556911064997094,0.44896502509332126,0.03185270993664952
0.05,50,sgd,2,"[8, 10]",relu,0.648125,0.35187500000000005,5.248821938529906,0.056808445532435733,0.1208592132505176,0.038483209375704305,0.6616071428571428,0.33839285714285716,5.070317663637749,0.10208390085496957,0.5111523506539413,0.06647788275458918
0.05,50,gd,2,"[8, 10]",relu,0.59125,0.40874999999999995,6.306989371006806,0.23714028925537095,0.2787936184117935,0.24653552373768553,0.5873214285714285,0.41267857142857145,6.189226207482278,0.24248977419606055,0.37866125032847553,0.24361226646998269
0.05,50,mini-batch,2,"[8, 10]",relu,0.65125,0.34875,5.268802006891368,0.05886421448555596,0.3104166666666667,0.034229489046140926,0.65375,0.34624999999999995,5.18126222343198,0.07086521645294439,0.47041355474336566,0.04098865590055725
0.05,100,sgd,2,"[8, 10]",relu,0.648125,0.35187500000000005,5.248821938529906,0.056808445532435733,0.1208592132505176,0.038483209375704305,0.6616071428571428,0.33839285714285716,5.070317663637749,0.10208390085496957,0.5111523506539413,0.06647788275458918
0.05,100,gd,2,"[8, 10]",relu,0.61375,0.38625,5.8652181786741036,0.17714412304619342,0.3869746728501582,0.1440678664260784,0.6164285714285714,0.38357142857142856,5.753368139874134,0.18844067056465352,0.40281909597285703,0.14297951061901648
0.05,100,mini-batch,2,"[8, 10]",relu,0.65125,0.34875,5.268802006891368,0.05886421448555596,0.3104166666666667,0.034229489046140926,0.65375,0.34624999999999995,5.18126222343198,0.07086521645294439,0.47041355474336566,0.04098865590055725
0.05,50,sgd,2,"[16, 8]",relu,0.656875,0.343125,5.207146732993306,0.01672194582642344,0.06944444444444445,0.00951867816091954,0.6608928571428572,0.33910714285714283,5.067982614547848,0.04445846934219977,0.5033333333333333,0.024105085335300352
0.05,50,gd,2,"[16, 8]",relu,0.61,0.39,6.216352953820692,0.19263746454273267,0.33677209658808094,0.18125477618810915,0.5996428571428571,0.40035714285714286,6.299725016453016,0.19414723834212688,0.31309731028639115,0.1750778239303336
0.05,50,mini-batch,2,"[16, 8]",relu,0.664375,0.33562499999999995,5.190917622765116,0.03990283123284789,0.4666666666666666,0.021040328487716926,0.6546428571428572,0.3453571428571428,5.134227975540375,0.047637041361209824,0.41276799708911777,0.026224230545735444
0.05,100,sgd,2,"[16, 8]",relu,0.656875,0.343125,5.207146732993306,0.01672194582642344,0.06944444444444445,0.00951867816091954,0.6608928571428572,0.33910714285714283,5.067982614547848,0.04445846934219977,0.5033333333333333,0.024105085335300352
0.05,100,gd,2,"[16, 8]",relu,0.61,0.39,6.216352953820692,0.19263746454273267,0.33677209658808094,0.18125477618810915,0.5996428571428571,0.40035714285714286,6.299725016453016,0.19414723834212688,0.31309731028639115,0.1750778239303336
0.05,100,mini-batch,2,"[16, 8]",relu,0.664375,0.33562499999999995,5.190917622765116,0.03990283123284789,0.4666666666666666,0.021040328487716926,0.6546428571428572,0.3453571428571428,5.134227975540375,0.047637041361209824,0.41276799708911777,0.026224230545735444
0.05,50,sgd,3,"[8, 8, 4]",relu,0.660625,0.339375,5.1685128529930555,0.016233766233766232,0.04807692307692308,0.009765625,0.6578571428571428,0.3421428571428572,5.1171742945079695,0.03246056361627657,0.4027777777777778,0.018834107647572304
0.05,50,gd,3,"[8, 8, 4]",relu,0.484375,0.515625,6.303536574238691,0.34551433484491156,0.32877146296248216,0.5442595453192521,0.48625,0.5137499999999999,6.365978057052425,0.35753243434377846,0.3661756469808881,0.552555084423868
0.05,50,mini-batch,3,"[8, 8, 4]",relu,0.659375,0.34062499999999996,5.188698569428855,0.023791413116970927,0.10855263157894737,0.014761586452762923,0.6558928571428572,0.34410714285714283,5.142974271805557,0.028117399699913975,0.3663265306122449,0.016342082033782356
0.05,100,sgd,3,"[8, 8, 4]",relu,0.660625,0.339375,5.1685128529930555,0.016233766233766232,0.04807692307692308,0.009765625,0.6578571428571428,0.3421428571428572,5.1171742945079695,0.03246056361627657,0.4027777777777778,0.018834107647572304
0.05,50,mini-batch,3,"[8, 8, 4]",relu,0.659375,0.34062499999999996,5.188698569428855,0.023791413116970927,0.10855263157894737,0.014761586452762923,0.6558928571428572,0.34410714285714283,5.142974271805557,0.028117399699913975,0.3663265306122449,0.016342082033782356
0.05,100,gd,3,"[8, 8, 4]",relu,0.484375,0.515625,6.303536574238691,0.34551433484491156,0.32877146296248216,0.5442595453192521,0.48625,0.5137499999999999,6.365978057052425,0.35753243434377846,0.3661756469808881,0.552555084423868
0.05,100,mini-batch,3,"[8, 8, 4]",relu,0.659375,0.34062499999999996,5.188698569428855,0.023791413116970927,0.10855263157894737,0.014761586452762923,0.6558928571428572,0.34410714285714283,5.142974271805557,0.028117399699913975,0.3663265306122449,0.016342082033782356
0.05,50,sgd,3,"[16, 8, 16]",relu,0.6625,0.3375,5.161340252363477,0.004166666666666667,0.0625,0.0021551724137931034,0.6566071428571428,0.34339285714285717,5.110849481799856,0.007058346699780962,0.23214285714285715,0.0036172487526728437
0.05,50,gd,3,"[16, 8, 16]",relu,0.628125,0.37187499999999996,5.437934590611742,0.10243526787534071,0.21216972682489924,0.09083216969946398,0.6310714285714286,0.3689285714285714,5.453553868176651,0.10136369610579091,0.35928526841448194,0.08368622898746227
0.05,50,mini-batch,3,"[16, 8, 16]",relu,0.6575,0.3425,5.226201602662688,0.03755465275912496,0.196875,0.021001362829614605,0.655,0.345,5.107245631457892,0.03811744428411095,0.266765873015873,0.021064174941827545
0.05,100,sgd,3,"[16, 8, 16]",relu,0.6625,0.3375,5.161340252363477,0.004166666666666667,0.0625,0.0021551724137931034,0.6566071428571428,0.34339285714285717,5.110849481799856,0.007058346699780962,0.23214285714285715,0.0036172487526728437
0.05,100,gd,3,"[16, 8, 16]",relu,0.628125,0.37187499999999996,5.437934590611742,0.10243526787534071,0.21216972682489924,0.09083216969946398,0.6310714285714286,0.3689285714285714,5.453553868176651,0.10136369610579091,0.35928526841448194,0.08368622898746227
0.05,100,mini-batch,3,"[16, 8, 16]",relu,0.6575,0.3425,5.226201602662688,0.03755465275912496,0.196875,0.021001362829614605,0.655,0.345,5.107245631457892,0.03811744428411095,0.266765873015873,0.021064174941827545
0.01,50,sgd,2,"[8, 10]",tanh,0.65875,0.34125000000000005,5.155571941253709,0.038671316911548057,0.37127976190476186,0.020976435244944372,0.6585714285714286,0.3414285714285714,5.112689880916548,0.04625219664992536,0.5444602272727272,0.02454418744164721
0.01,50,gd,2,"[8, 10]",tanh,0.546875,0.453125,6.2349812632154045,0.2651691445809093,0.2991012463390196,0.38394733135604664,0.5444642857142857,0.45553571428571427,6.34089970146574,0.2730589304505154,0.33872097862862727,0.3827706959533963
0.01,50,mini-batch,2,"[8, 10]",tanh,0.65375,0.34624999999999995,5.238172319432158,0.104443643632763,0.36133658008658004,0.064497700319849,0.6405357142857143,0.3594642857142857,5.275091158520918,0.08508471079415328,0.362598478956661,0.050544433350332846
0.01,100,sgd,2,"[8, 10]",tanh,0.65875,0.34125000000000005,5.155571941253709,0.038671316911548057,0.37127976190476186,0.020976435244944372,0.6585714285714286,0.3414285714285714,5.112689880916548,0.04625219664992536,0.5444602272727272,0.02454418744164721
0.01,100,gd,2,"[8, 10]",tanh,0.546875,0.453125,6.2349812632154045,0.2651691445809093,0.2991012463390196,0.38394733135604664,0.5444642857142857,0.45553571428571427,6.34089970146574,0.2730589304505154,0.33872097862862727,0.3827706959533963
0.01,100,mini-batch,2,"[8, 10]",tanh,0.65375,0.34624999999999995,5.238172319432158,0.104443643632763,0.36133658008658004,0.064497700319849,0.6405357142857143,0.3594642857142857,5.275091158520918,0.08508471079415328,0.362598478956661,0.050544433350332846
0.01,50,sgd,2,"[16, 8]",tanh,0.66,0.33999999999999997,5.177087029335618,0.0033783783783783786,0.0625,0.001736111111111111,0.6560714285714285,0.3439285714285715,5.0957353151571185,0.010376149609653516,0.44107142857142856,0.005284976421252774
0.01,50,gd,2,"[16, 8]",tanh,0.548125,0.451875,6.428805560368179,0.2529714650795691,0.28621800878509285,0.3441563186766688,0.5541071428571429,0.4458928571428571,6.4211327508091225,0.24579241383805278,0.29512541185368457,0.3316652210331906
0.01,50,mini-batch,2,"[16, 8]",tanh,0.65375,0.34624999999999995,5.500528922052687,0.06659051933560745,0.42986111111111114,0.03880087731590978,0.6435714285714286,0.35642857142857143,5.471894784599043,0.06420083920962474,0.33521054571298214,0.038419031898907406
0.01,100,sgd,2,"[16, 8]",tanh,0.66,0.33999999999999997,5.177087029335618,0.0033783783783783786,0.0625,0.001736111111111111,0.6560714285714285,0.3439285714285715,5.0957353151571185,0.010376149609653516,0.44107142857142856,0.005284976421252774
0.01,100,gd,2,"[16, 8]",tanh,0.548125,0.451875,6.428805560368179,0.2529714650795691,0.28621800878509285,0.3441563186766688,0.5541071428571429,0.4458928571428571,6.4211327508091225,0.24579241383805278,0.29512541185368457,0.3316652210331906
0.01,100,mini-batch,2,"[16, 8]",tanh,0.654375,0.34562499999999996,5.453130505345601,0.057946876608704456,0.4786931818181818,0.03316744403255146,0.6467857142857143,0.3532142857142857,5.418869023459679,0.06305508434019212,0.4054813747197794,0.03694578568599002
0.01,50,sgd,3,"[8, 8, 4]",tanh,0.655625,0.344375,5.197046102287866,0.04011181467892322,0.22045454545454543,0.022432021789907185,0.6578571428571428,0.3421428571428572,5.104880487503553,0.051729519135563305,0.2985194000819001,0.029012572760652843
0.01,50,gd,3,"[8, 8, 4]",tanh,0.54,0.45999999999999996,6.437600865404997,0.2832568818447276,0.22154840762652692,0.42983140225787286,0.5176785714285714,0.48232142857142857,6.5834304905010725,0.26945171378611465,0.37449421499395463,0.41790751913392066
0.01,50,mini-batch,3,"[8, 8, 4]",tanh,0.539375,0.46062499999999995,6.155364922194638,0.269990867321545,0.2169370839733743,0.40225787284610814,0.5273214285714286,0.4726785714285714,6.271589949808887,0.26520445526096315,0.3166752401048192,0.4026732724974729
0.01,100,sgd,3,"[8, 8, 4]",tanh,0.655625,0.344375,5.197046102287866,0.04011181467892322,0.22045454545454543,0.022432021789907185,0.6578571428571428,0.3421428571428572,5.104880487503553,0.051729519135563305,0.2985194000819001,0.029012572760652843
0.01,100,gd,3,"[8, 8, 4]",tanh,0.54,0.45999999999999996,6.437600865404997,0.2832568818447276,0.22154840762652692,0.42983140225787286,0.5176785714285714,0.48232142857142857,6.5834304905010725,0.26945171378611465,0.37449421499395463,0.41790751913392066
0.01,100,mini-batch,3,"[8, 8, 4]",tanh,0.539375,0.46062499999999995,6.155364922194638,0.269990867321545,0.2169370839733743,0.40225787284610814,0.5273214285714286,0.4726785714285714,6.271589949808887,0.26520445526096315,0.3166752401048192,0.4026732724974729
0.01,50,sgd,3,"[16, 8, 16]",tanh,0.656875,0.343125,5.21079219290207,0.041342318254082966,0.2989583333333333,0.022416479135098227,0.6576785714285714,0.34232142857142855,5.070305885327186,0.047828911144212866,0.4043679971988795,0.025524943745196503
0.01,50,gd,3,"[16, 8, 16]",tanh,0.565625,0.43437499999999996,5.966628590103251,0.25777321537936837,0.2694750901675262,0.3378684543646181,0.5533928571428571,0.44660714285714287,6.232197239379356,0.2513079757531799,0.2514678661602568,0.32650671107888013
0.01,50,mini-batch,3,"[16, 8, 16]",tanh,0.655,0.345,5.246972929600913,0.06087887481983684,0.32318376068376065,0.03477807052356175,0.6489285714285714,0.3510714285714286,5.305651928527144,0.05310241583249506,0.272971533526562,0.02988310378561115
0.01,100,sgd,3,"[16, 8, 16]",tanh,0.656875,0.343125,5.21079219290207,0.041342318254082966,0.2989583333333333,0.022416479135098227,0.6576785714285714,0.34232142857142855,5.070305885327186,0.047828911144212866,0.4043679971988795,0.025524943745196503
0.01,100,gd,3,"[16, 8, 16]",tanh,0.565625,0.43437499999999996,5.966628590103251,0.25777321537936837,0.2694750901675262,0.3378684543646181,0.5533928571428571,0.44660714285714287,6.232197239379356,0.2513079757531799,0.2514678661602568,0.32650671107888013
0.01,100,mini-batch,3,"[16, 8, 16]",tanh,0.655,0.345,5.246972929600913,0.06087887481983684,0.32318376068376065,0.03477807052356175,0.6489285714285714,0.3510714285714286,5.305651928527144,0.05310241583249506,0.272971533526562,0.02988310378561115
0.05,50,sgd,2,"[8, 10]",tanh,0.651875,0.348125,5.186696835206001,0.04767713592459629,0.19203431372549018,0.028518828820883677,0.6598214285714286,0.34017857142857144,5.084819249755071,0.06551254240547652,0.525821840575939,0.0379605207732697
0.05,50,gd,2,"[8, 10]",tanh,0.590625,0.40937500000000004,5.553227422731928,0.1948743809836359,0.30966093512469695,0.2070768687625884,0.5905357142857143,0.4094642857142857,5.633183708360154,0.21471264168514104,0.33830052031328417,0.21756999958664286
0.05,50,mini-batch,2,"[8, 10]",tanh,0.66,0.33999999999999997,5.142729145171447,0.031791800012791686,0.3125,0.016827400206425307,0.655,0.345,5.139034938039986,0.02133259784780834,0.4839285714285714,0.0110601633800962
0.05,100,sgd,2,"[8, 10]",tanh,0.651875,0.348125,5.186696835206001,0.04767713592459629,0.19203431372549018,0.028518828820883677,0.6598214285714286,0.34017857142857144,5.084819249755071,0.06551254240547652,0.525821840575939,0.0379605207732697
0.05,100,gd,2,"[8, 10]",tanh,0.631875,0.36812500000000004,5.330772043401719,0.13876727753226786,0.3232013881882084,0.10401753905244347,0.6276785714285714,0.3723214285714286,5.386067582315397,0.1540864382851282,0.37259675621811544,0.11232183182995523
0.05,100,mini-batch,2,"[8, 10]",tanh,0.66,0.33999999999999997,5.142729145171447,0.031791800012791686,0.3125,0.016827400206425307,0.655,0.345,5.139034938039986,0.02133259784780834,0.4839285714285714,0.0110601633800962
0.05,50,sgd,2,"[16, 8]",tanh,0.631875,0.36812500000000004,5.304051082299785,0.05956377430061641,0.20236943907156674,0.06300886015325671,0.6553571428571429,0.34464285714285714,5.070485367863823,0.09762580669446436,0.424552840776245,0.0873757488064247
0.05,50,gd,2,"[16, 8]",tanh,0.59375,0.40625,5.965056031042727,0.19748407024037049,0.3212364301698182,0.23424795609659518,0.5882142857142857,0.4117857142857143,5.969239254016609,0.18869161422819836,0.26715201637740493,0.22403284984380642
0.05,50,mini-batch,2,"[16, 8]",tanh,0.65125,0.34875,5.353185917290043,0.024269352154976956,0.28106060606060607,0.013126930435183478,0.6510714285714285,0.3489285714285715,5.307550846278391,0.0578255820477073,0.4242120726495726,0.03245812626941544
0.05,100,sgd,2,"[16, 8]",tanh,0.631875,0.36812500000000004,5.304051082299785,0.05956377430061641,0.20236943907156674,0.06300886015325671,0.6553571428571429,0.34464285714285714,5.070485367863823,0.09762580669446436,0.424552840776245,0.0873757488064247
0.05,100,gd,2,"[16, 8]",tanh,0.63,0.37,5.749624620337312,0.15129007969061292,0.34060579877112135,0.13274613125144202,0.6167857142857143,0.38321428571428573,5.748697473656574,0.13864949180703873,0.33603381220229045,0.1214711604795543
0.05,100,mini-batch,2,"[16, 8]",tanh,0.65125,0.34875,5.353185917290043,0.024269352154976956,0.28106060606060607,0.013126930435183478,0.6510714285714285,0.3489285714285715,5.307550846278391,0.0578255820477073,0.4242120726495726,0.03245812626941544
0.05,50,sgd,3,"[8, 8, 4]",tanh,0.65625,0.34375,5.198666828237381,0.02482482158003641,0.15773809523809523,0.013674621788370521,0.6605357142857143,0.33946428571428566,5.122129054213482,0.05461832572429037,0.39877450980392154,0.029813257210575463
0.05,50,gd,3,"[8, 8, 4]",tanh,0.535,0.46499999999999997,6.385999295917199,0.27678707532141783,0.217010410342036,0.4188019904931669,0.5191071428571429,0.4808928571428571,6.526765876351234,0.26950115638937094,0.3752893640544147,0.41686201434394277
0.05,50,mini-batch,3,"[8, 8, 4]",tanh,0.655,0.345,5.213802933870983,0.04757826714348453,0.22457264957264958,0.02745822192513369,0.6542857142857142,0.34571428571428575,5.140156660386901,0.04140896811928802,0.24032738095238096,0.023517271440322365
0.05,100,sgd,3,"[8, 8, 4]",tanh,0.65625,0.34375,5.198666828237381,0.02482482158003641,0.15773809523809523,0.013674621788370521,0.6605357142857143,0.33946428571428566,5.122129054213482,0.05461832572429037,0.39877450980392154,0.029813257210575463
0.05,100,gd,3,"[8, 8, 4]",tanh,0.535,0.46499999999999997,6.385999295917199,0.27678707532141783,0.217010410342036,0.4188019904931669,0.5191071428571429,0.4808928571428571,6.526765876351234,0.26950115638937094,0.3752893640544147,0.41686201434394277
0.05,100,mini-batch,3,"[8, 8, 4]",tanh,0.655,0.345,5.213802933870983,0.04757826714348453,0.22457264957264958,0.02745822192513369,0.6542857142857142,0.34571428571428575,5.140156660386901,0.04140896811928802,0.24032738095238096,0.023517271440322365
0.05,50,sgd,3,"[16, 8, 16]",tanh,0.6425,0.35750000000000004,5.322438919600165,0.07235960148935656,0.27890625,0.047422770900645936,0.6596428571428572,0.3403571428571428,5.0450106442818665,0.12247667737004198,0.40924102778941485,0.07977863834719873
0.05,50,gd,3,"[16, 8, 16]",tanh,0.595625,0.40437500000000004,5.6605053293866625,0.21772270871745006,0.3142555174286561,0.2475174639730046,0.5792857142857143,0.4207142857142857,5.900675663857723,0.20217478677990686,0.30759217527499116,0.22161437074553159
0.05,50,mini-batch,3,"[16, 8, 16]",tanh,0.65875,0.34125000000000005,5.205648506756986,0.03512237285013005,0.2708333333333333,0.01901511713505992,0.6566071428571428,0.34339285714285717,5.148196757374162,0.03796002594865768,0.34325396825396826,0.020193144347567457
0.05,100,sgd,3,"[16, 8, 16]",tanh,0.6425,0.35750000000000004,5.322438919600165,0.07235960148935656,0.27890625,0.047422770900645936,0.6596428571428572,0.3403571428571428,5.0450106442818665,0.12247667737004198,0.40924102778941485,0.07977863834719873
0.05,100,gd,3,"[16, 8, 16]",tanh,0.595625,0.40437500000000004,5.6605053293866625,0.21772270871745006,0.3142555174286561,0.2475174639730046,0.5792857142857143,0.4207142857142857,5.900675663857723,0.20217478677990686,0.30759217527499116,0.22161437074553159
0.05,100,mini-batch,3,"[16, 8, 16]",tanh,0.65875,0.34125000000000005,5.205648506756986,0.03512237285013005,0.2708333333333333,0.01901511713505992,0.6566071428571428,0.34339285714285717,5.148196757374162,0.03796002594865768,0.34325396825396826,0.020193144347567457
0.01,50,sgd,2,"[8, 10]",sigmoid,0.6625,0.3375,5.134198166664265,0.0,0.0,0.0,0.6555357142857143,0.34446428571428567,5.149927605398142,0.0,0.0,0.0
0.01,50,gd,2,"[8, 10]",sigmoid,0.5075,0.49250000000000005,5.941598113529851,0.28034817492440856,0.20848075348075348,0.5008234519104084,0.49642857142857144,0.5035714285714286,5.9509983484191045,0.2790076080319801,0.21295958678902685,0.4958491461100569
0.01,50,mini-batch,2,"[8, 10]",sigmoid,0.6625,0.3375,5.1733784479414116,0.0,0.0,0.0,0.6553571428571429,0.34464285714285714,5.187004541573906,0.0,0.0,0.0
0.01,100,sgd,2,"[8, 10]",sigmoid,0.6625,0.3375,5.134198166664265,0.0,0.0,0.0,0.6555357142857143,0.34446428571428567,5.149927605398142,0.0,0.0,0.0
0.01,100,gd,2,"[8, 10]",sigmoid,0.539375,0.46062499999999995,5.751498735161095,0.23995169874265587,0.20548076923076924,0.41493741765480896,0.5248214285714285,0.47517857142857145,5.761550117695283,0.2359645272623517,0.2082767769864544,0.4134335185687178
0.01,100,mini-batch,2,"[8, 10]",sigmoid,0.6625,0.3375,5.1733784479414116,0.0,0.0,0.0,0.6553571428571429,0.34464285714285714,5.187004541573906,0.0,0.0,0.0
0.01,50,sgd,2,"[16, 8]",sigmoid,0.6625,0.3375,5.136365105169944,0.0,0.0,0.0,0.6555357142857143,0.34446428571428567,5.15570820716542,0.0,0.0,0.0
0.01,50,gd,2,"[16, 8]",sigmoid,0.58625,0.41374999999999995,5.797451218100078,0.13562850001964394,0.2121938775510204,0.25180555555555556,0.5791071428571428,0.4208928571428572,5.946006293074245,0.13842583855451948,0.17452073070607554,0.2545362903225806
0.01,50,mini-batch,2,"[16, 8]",sigmoid,0.6625,0.3375,5.374991894886531,0.0,0.0,0.0,0.6555357142857143,0.34446428571428567,5.471800281697563,0.0,0.0,0.0
0.01,100,sgd,2,"[16, 8]",sigmoid,0.6625,0.3375,5.136365105169944,0.0,0.0,0.0,0.6555357142857143,0.34446428571428567,5.15570820716542,0.0,0.0,0.0
0.01,100,gd,2,"[16, 8]",sigmoid,0.58625,0.41374999999999995,5.797451218100078,0.13562850001964394,0.2121938775510204,0.25180555555555556,0.5791071428571428,0.4208928571428572,5.946006293074245,0.13842583855451948,0.17452073070607554,0.2545362903225806
0.01,100,mini-batch,2,"[16, 8]",sigmoid,0.6625,0.3375,5.374991894886531,0.0,0.0,0.0,0.6555357142857143,0.34446428571428567,5.471800281697563,0.0,0.0,0.0
0.01,50,sgd,3,"[8, 8, 4]",sigmoid,0.6625,0.3375,5.129915156665046,0.0,0.0,0.0,0.6555357142857143,0.34446428571428567,5.1483007830068654,0.0,0.0,0.0
0.01,50,gd,3,"[8, 8, 4]",sigmoid,0.4625,0.5375,6.375679257853335,0.3142566836498867,0.2111513157894737,0.6163793103448276,0.45553571428571427,0.5444642857142857,6.463954969826789,0.3136195209770862,0.21075259125732312,0.6142418032786885
0.01,50,mini-batch,3,"[8, 8, 4]",sigmoid,0.51375,0.48624999999999996,5.9650566980689606,0.25982119977891893,0.175625,0.5,0.48910714285714285,0.5108928571428571,6.0385937201887385,0.2501229378335782,0.1667857142857143,0.5
0.01,100,sgd,3,"[8, 8, 4]",sigmoid,0.6625,0.3375,5.129915156665046,0.0,0.0,0.0,0.6555357142857143,0.34446428571428567,5.1483007830068654,0.0,0.0,0.0
0.01,100,gd,3,"[8, 8, 4]",sigmoid,0.4625,0.5375,6.375679257853335,0.3142566836498867,0.2111513157894737,0.6163793103448276,0.45553571428571427,0.5444642857142857,6.463954969826789,0.3136195209770862,0.21075259125732312,0.6142418032786885
0.01,100,mini-batch,3,"[8, 8, 4]",sigmoid,0.51375,0.48624999999999996,5.9650566980689606,0.25982119977891893,0.175625,0.5,0.48910714285714285,0.5108928571428571,6.0385937201887385,0.2501229378335782,0.1667857142857143,0.5
0.01,50,sgd,3,"[16, 8, 16]",sigmoid,0.6625,0.3375,5.124216957602871,0.0,0.0,0.0,0.6555357142857143,0.34446428571428567,5.151870091294354,0.0,0.0,0.0
0.01,50,gd,3,"[16, 8, 16]",sigmoid,0.58,0.42000000000000004,6.025863597873767,0.12546291100886545,0.08375,0.25,0.5748214285714286,0.4251785714285714,6.1129270141915315,0.12646702385508357,0.08464285714285714,0.25
0.01,50,mini-batch,3,"[16, 8, 16]",sigmoid,0.6225,0.37749999999999995,5.5444716136583505,0.06343283582089553,0.0425,0.125,0.6148214285714285,0.3851785714285715,5.610497624781783,0.06303418803418803,0.04214285714285714,0.125
0.01,100,sgd,3,"[16, 8, 16]",sigmoid,0.6625,0.3375,5.124216957602871,0.0,0.0,0.0,0.6555357142857143,0.34446428571428567,5.151870091294354,0.0,0.0,0.0
0.01,100,gd,3,"[16, 8, 16]",sigmoid,0.58,0.42000000000000004,6.025863597873767,0.12546291100886545,0.08375,0.25,0.5748214285714286,0.4251785714285714,6.1129270141915315,0.12646702385508357,0.08464285714285714,0.25
0.01,100,mini-batch,3,"[16, 8, 16]",sigmoid,0.6225,0.37749999999999995,5.5444716136583505,0.06343283582089553,0.0425,0.125,0.6148214285714285,0.3851785714285715,5.610497624781783,0.06303418803418803,0.04214285714285714,0.125
0.05,50,sgd,2,"[8, 10]",sigmoid,0.6625,0.3375,5.139433837021554,0.0,0.0,0.0,0.6555357142857143,0.34446428571428567,5.13807454700818,0.0,0.0,0.0
0.05,50,gd,2,"[8, 10]",sigmoid,0.59625,0.40375000000000005,5.392882550713979,0.14608433734939757,0.1458169934640523,0.23345588235294118,0.585,0.41500000000000004,5.40351203403222,0.13890103430753487,0.13459103641456582,0.22604037481052777
0.05,50,mini-batch,2,"[8, 10]",sigmoid,0.6625,0.3375,5.136935723492298,0.0,0.0,0.0,0.6555357142857143,0.34446428571428567,5.154481302494885,0.0,0.0,0.0
0.05,100,sgd,2,"[8, 10]",sigmoid,0.6625,0.3375,5.139433837021554,0.0,0.0,0.0,0.6555357142857143,0.34446428571428567,5.13807454700818,0.0,0.0,0.0
0.05,100,gd,2,"[8, 10]",sigmoid,0.656875,0.343125,5.23119473973171,0.021363636363636362,0.08482142857142858,0.012459150326797386,0.64875,0.35124999999999995,5.242952383525537,0.013649648864051529,0.06127450980392157,0.007975433015199717
0.05,100,mini-batch,2,"[8, 10]",sigmoid,0.6625,0.3375,5.136935723492298,0.0,0.0,0.0,0.6555357142857143,0.34446428571428567,5.154481302494885,0.0,0.0,0.0
0.05,50,sgd,2,"[16, 8]",sigmoid,0.6625,0.3375,5.154798452530292,0.0,0.0,0.0,0.6555357142857143,0.34446428571428567,5.155693529795366,0.0,0.0,0.0
0.05,50,gd,2,"[16, 8]",sigmoid,0.6425,0.35750000000000004,5.57954200619113,0.06993116395494368,0.08549783549783549,0.067734375,0.6289285714285714,0.3710714285714286,5.708760223686705,0.06726210840134891,0.08127377984780898,0.062853155134495
0.05,50,mini-batch,2,"[16, 8]",sigmoid,0.6625,0.3375,5.2477001787363005,0.0,0.0,0.0,0.6555357142857143,0.34446428571428567,5.31433991987286,0.0,0.0,0.0
0.05,100,sgd,2,"[16, 8]",sigmoid,0.6625,0.3375,5.154798452530292,0.0,0.0,0.0,0.6555357142857143,0.34446428571428567,5.155693529795366,0.0,0.0,0.0
0.05,100,gd,2,"[16, 8]",sigmoid,0.656875,0.343125,5.528207615606099,0.017566070580788098,0.0625,0.010286458333333333,0.6492857142857142,0.35071428571428576,5.651007801905513,0.01965010934083099,0.06740196078431372,0.011556843173743867
0.05,100,mini-batch,2,"[16, 8]",sigmoid,0.6625,0.3375,5.2477001787363005,0.0,0.0,0.0,0.6555357142857143,0.34446428571428567,5.31433991987286,0.0,0.0,0.0
0.05,50,sgd,3,"[8, 8, 4]",sigmoid,0.6625,0.3375,5.148686576718598,0.0,0.0,0.0,0.6555357142857143,0.34446428571428567,5.1513037732409135,0.0,0.0,0.0
0.05,50,gd,3,"[8, 8, 4]",sigmoid,0.51375,0.48624999999999996,6.089614054237238,0.25982119977891893,0.175625,0.5,0.48910714285714285,0.5108928571428571,6.1675592868148295,0.2501229378335782,0.1667857142857143,0.5
0.05,50,mini-batch,3,"[8, 8, 4]",sigmoid,0.6625,0.3375,5.156240616031653,0.0,0.0,0.0,0.6555357142857143,0.34446428571428567,5.1914855936412785,0.0,0.0,0.0
0.05,100,sgd,3,"[8, 8, 4]",sigmoid,0.6625,0.3375,5.148686576718598,0.0,0.0,0.0,0.6555357142857143,0.34446428571428567,5.1513037732409135,0.0,0.0,0.0
0.05,100,gd,3,"[8, 8, 4]",sigmoid,0.51375,0.48624999999999996,6.089614054237238,0.25982119977891893,0.175625,0.5,0.48910714285714285,0.5108928571428571,6.1675592868148295,0.2501229378335782,0.1667857142857143,0.5
0.05,100,mini-batch,3,"[8, 8, 4]",sigmoid,0.6625,0.3375,5.156240616031653,0.0,0.0,0.0,0.6555357142857143,0.34446428571428567,5.1914855936412785,0.0,0.0,0.0
0.05,50,sgd,3,"[16, 8, 16]",sigmoid,0.6625,0.3375,5.138148885162325,0.0,0.0,0.0,0.6555357142857143,0.34446428571428567,5.167461000658667,0.0,0.0,0.0
0.05,50,gd,3,"[16, 8, 16]",sigmoid,0.57875,0.42125,5.9660509424195265,0.12354733963768942,0.08267857142857143,0.24431818181818182,0.5746428571428571,0.4253571428571429,6.050388835613699,0.12533104610569398,0.08411366006256517,0.2457983193277311
0.05,50,mini-batch,3,"[16, 8, 16]",sigmoid,0.6625,0.3375,5.121305761121023,0.0,0.0,0.0,0.6555357142857143,0.34446428571428567,5.152417474258285,0.0,0.0,0.0
0.05,100,sgd,3,"[16, 8, 16]",sigmoid,0.6625,0.3375,5.138148885162325,0.0,0.0,0.0,0.6555357142857143,0.34446428571428567,5.167461000658667,0.0,0.0,0.0
0.05,100,gd,3,"[16, 8, 16]",sigmoid,0.57875,0.42125,5.9660509424195265,0.12354733963768942,0.08267857142857143,0.24431818181818182,0.5746428571428571,0.4253571428571429,6.050388835613699,0.12533104610569398,0.08411366006256517,0.2457983193277311
0.05,100,mini-batch,3,"[16, 8, 16]",sigmoid,0.6625,0.3375,5.121305761121023,0.0,0.0,0.0,0.6555357142857143,0.34446428571428567,5.152417474258285,0.0,0.0,0.0
