Learning Rate,Epochs,Optimizer,Neurons,Activation function,Validation Accuracy,Validation F1,Validation Precision,Validation Recall,Validation Loss,Training Accuracy,Training F1,Training Precision,Training Recall,Training Loss
0.01,50,sgd,"[8, 10]",relu,0.6052631578947368,0.25597402597402596,0.2728473100154516,0.2595726495726495,1.0019594714933198,0.64625,0.3357577050908926,0.48563332464474196,0.3239804975916087,0.8441928361043964
0.01,50,gd,"[8, 10]",relu,0.49122807017543857,0.18427785543212602,0.17628714327743453,0.1945181255526083,1.4916600278474095,0.44875,0.1868438909633121,0.17155269584311073,0.23155955100399542,1.4975962530073508
0.01,50,mini-batch,"[8, 10]",relu,0.6271929824561403,0.276304555676753,0.2983920841063698,0.2758348069554966,1.0022125453324282,0.57125,0.2782906401869359,0.28711767376903646,0.2771109784998674,0.9406038855078604
0.01,100,sgd,"[8, 10]",relu,0.6052631578947368,0.25597402597402596,0.2728473100154516,0.2595726495726495,1.0019594714933198,0.64625,0.3357577050908926,0.48563332464474196,0.3239804975916087,0.8441928361043964
0.01,100,gd,"[8, 10]",relu,0.5570175438596491,0.20441249688822505,0.19201141995259643,0.22137488947833775,1.2548178039603128,0.485,0.20170314080818508,0.1850366893365006,0.22168429112873556,1.2301679226137932
0.01,100,mini-batch,"[8, 10]",relu,0.631578947368421,0.2719641569677618,0.29406922752216125,0.27331270262304747,0.9939065315515077,0.58,0.27837154324042007,0.28740248787687117,0.27728048561381896,0.9209432473738957
0.01,50,sgd,"[16, 8]",relu,0.6096491228070176,0.25312675528927164,0.31024173027989826,0.258929413498379,0.9980858525086616,0.63,0.2678836744974851,0.3355342824414989,0.27180011207788984,0.8323713964781999
0.01,50,gd,"[16, 8]",relu,0.4956140350877193,0.22020223168244665,0.23628620867884673,0.23230327144120247,1.2486171720473025,0.485,0.22250160938004904,0.23938739576290288,0.23540420762642986,1.2699114393796587
0.01,50,mini-batch,"[16, 8]",relu,0.6096491228070176,0.27785441596355587,0.28262823245240126,0.27892646625405243,0.9679582398766037,0.595,0.2819534442672253,0.28798332716019787,0.2822539419761642,0.9238001012012182
0.01,100,sgd,"[16, 8]",relu,0.6096491228070176,0.25312675528927164,0.31024173027989826,0.258929413498379,0.9980858525086616,0.63,0.2678836744974851,0.3355342824414989,0.27180011207788984,0.8323713964781999
0.01,100,gd,"[16, 8]",relu,0.49122807017543857,0.2308986936646511,0.28446467528108743,0.22271072796934865,1.1229461568900725,0.53625,0.24193895132280585,0.2646483956947242,0.24196311696311693,1.127110729107388
0.01,100,mini-batch,"[16, 8]",relu,0.6096491228070176,0.28351051272134803,0.2874813733540127,0.28430371352785144,0.9526551563033635,0.61875,0.31144847617464655,0.46762532299741605,0.3059079378523823,0.8932478833006937
0.01,50,sgd,"[8, 8, 4]",relu,0.6140350877192983,0.28353155406799213,0.28029710144927533,0.289404656646036,0.9668433987483228,0.63125,0.3139573152655469,0.3036310683702416,0.32902025957581515,0.8594427001219622
0.01,50,gd,"[8, 8, 4]",relu,0.36403508771929827,0.14489998019409786,0.1841018164145556,0.16949896846448573,1.3765727264074459,0.34625,0.12620987115517335,0.13437677529876804,0.15103778992667882,1.3824428236814377
0.01,50,mini-batch,"[8, 8, 4]",relu,0.6096491228070176,0.2736070660841828,0.2901924334508604,0.27292292956086056,0.9905282101355095,0.57875,0.28342062979245447,0.2880551680861278,0.28468906941129163,0.9722607543593591
0.01,100,sgd,"[8, 8, 4]",relu,0.6140350877192983,0.28353155406799213,0.28029710144927533,0.289404656646036,0.9668433987483228,0.63125,0.3139573152655469,0.3036310683702416,0.32902025957581515,0.8594427001219622
0.01,100,gd,"[8, 8, 4]",relu,0.40350877192982454,0.2008120966640146,0.2329293370899317,0.19948128499852638,1.2678763353706417,0.3825,0.1672313835246739,0.1883961598762435,0.1709075528519973,1.266987517084275
0.01,100,mini-batch,"[8, 8, 4]",relu,0.6228070175438597,0.2928417565832672,0.2982557818623392,0.29323607427055703,0.9808729807243708,0.60125,0.2973782570378503,0.29856404927562424,0.2991110768888547,0.9575440713745921
0.01,50,sgd,"[16, 8, 16]",relu,0.6008771929824561,0.27803785651319285,0.2936016511867905,0.27572133804892424,0.9552869766621297,0.63625,0.3015958448227452,0.32020884190721716,0.29895119478452814,0.8702649588830531
0.01,50,gd,"[16, 8, 16]",relu,0.44298245614035087,0.17217298830202055,0.18376215448486835,0.18038829944002358,1.2463041196551088,0.45375,0.18677344877344879,0.21757178271766373,0.19276434554212332,1.2176412777517687
0.01,50,mini-batch,"[16, 8, 16]",relu,0.6140350877192983,0.2816071428571429,0.28118686868686865,0.28496684350132623,0.9869045180905863,0.62125,0.30982837786013123,0.30876065694906274,0.31244866661533327,0.9170399444794668
0.01,100,sgd,"[16, 8, 16]",relu,0.6008771929824561,0.27803785651319285,0.2936016511867905,0.27572133804892424,0.9552869766621297,0.63625,0.3015958448227452,0.32020884190721716,0.29895119478452814,0.8702649588830531
0.01,100,gd,"[16, 8, 16]",relu,0.45614035087719296,0.18462950020926616,0.20039682539682538,0.18994694960212202,1.1808543270947025,0.47125,0.20257623869564165,0.23168536634794304,0.20535118451785117,1.1420422258871301
0.01,100,mini-batch,"[16, 8, 16]",relu,0.6228070175438597,0.2863287250384024,0.28569709672411114,0.2894245505452402,0.9591431891683242,0.655,0.321530402375975,0.3230592394066818,0.3228923367812257,0.8739745722372999
0.05,50,sgd,"[8, 10]",relu,0.5833333333333334,0.2493400756118905,0.25487900078064013,0.2528661951075744,1.0194704018388256,0.64125,0.30771661058784433,0.31538424920676217,0.30771850910739795,0.8761491225857222
0.05,50,gd,"[8, 10]",relu,0.5921052631578947,0.2642839282900731,0.2788461538461539,0.2639537282640731,1.1025162066718945,0.54,0.28773976497786097,0.4375977285392287,0.2754688449132893,1.058422019128808
0.05,50,mini-batch,"[8, 10]",relu,0.6447368421052632,0.27169945904543064,0.30094698536101233,0.2752483053345122,0.9881030069365743,0.6125,0.28685368312084564,0.30503083814537385,0.2846719582830694,0.8847977070438694
0.05,100,sgd,"[8, 10]",relu,0.5833333333333334,0.2493400756118905,0.25487900078064013,0.2528661951075744,1.0194704018388256,0.64125,0.30771661058784433,0.31538424920676217,0.30771850910739795,0.8761491225857222
0.05,100,gd,"[8, 10]",relu,0.6228070175438597,0.28114035087719297,0.29765794480600305,0.27992263483642793,1.0564752112414415,0.5625,0.2755622359441014,0.28026062681774255,0.27572818545040767,1.006839768739633
0.05,100,mini-batch,"[8, 10]",relu,0.6447368421052632,0.27169945904543064,0.30094698536101233,0.2752483053345122,0.9881030069365743,0.6125,0.28685368312084564,0.30503083814537385,0.2846719582830694,0.8847977070438694
0.05,50,sgd,"[16, 8]",relu,0.6140350877192983,0.2885553510867802,0.3230576441102757,0.28308797524314766,0.972963023602498,0.66125,0.3235509692132594,0.3336960861652695,0.32370511537178204,0.8535300750892166
0.05,50,gd,"[16, 8]",relu,0.5526315789473685,0.259988316470797,0.28163208889613983,0.25558797524314764,1.0452095318453114,0.5775,0.2679735289664368,0.2889918643682085,0.2664582317360095,1.0358009128570655
0.05,50,mini-batch,"[16, 8]",relu,0.6052631578947368,0.275518341307815,0.33761633300415955,0.27377173592690834,0.9871564860854671,0.60625,0.2659389260219269,0.31332226428106086,0.26732822566155895,0.913133532679026
0.05,100,sgd,"[16, 8]",relu,0.6140350877192983,0.2885553510867802,0.3230576441102757,0.28308797524314766,0.972963023602498,0.66125,0.3235509692132594,0.3336960861652695,0.32370511537178204,0.8535300750892166
0.05,100,gd,"[16, 8]",relu,0.5394736842105263,0.24775225897571704,0.25351696234049176,0.24890141467727675,1.0074459731485144,0.57625,0.26988664335375595,0.27825580374599984,0.2704076940188051,0.9848366442564342
0.05,100,mini-batch,"[16, 8]",relu,0.6052631578947368,0.275518341307815,0.33761633300415955,0.27377173592690834,0.9871564860854671,0.60625,0.2659389260219269,0.31332226428106086,0.26732822566155895,0.913133532679026
0.05,50,sgd,"[8, 8, 4]",relu,0.5087719298245614,0.25107638844707975,0.2529040404040404,0.2733915414087828,1.0461631019358004,0.55125,0.27974375504552257,0.2862447452649214,0.31635642052308716,0.9517860842368552
0.05,50,gd,"[8, 8, 4]",relu,0.47368421052631576,0.22996625192176837,0.2409837047687515,0.22674182139699384,1.140514895003585,0.51,0.25723798496127825,0.26356811981013645,0.25537824148935256,1.1227666490342123
0.05,50,mini-batch,"[8, 8, 4]",relu,0.6228070175438597,0.26307814708646243,0.3017908017908018,0.2653566165635131,0.9812425783093655,0.61875,0.29413543631134764,0.31481775125706773,0.2905918739252073,0.9280135879080126
0.05,100,sgd,"[8, 8, 4]",relu,0.5087719298245614,0.25107638844707975,0.2529040404040404,0.2733915414087828,1.0461631019358004,0.55125,0.27974375504552257,0.2862447452649214,0.31635642052308716,0.9517860842368552
0.05,100,gd,"[8, 8, 4]",relu,0.5394736842105263,0.24235107177117096,0.25668309792397387,0.24321102269378134,1.0562027272520218,0.55625,0.2786784784345644,0.27853652190686384,0.28449656921879146,1.0412013239849263
0.05,100,mini-batch,"[8, 8, 4]",relu,0.6228070175438597,0.26307814708646243,0.3017908017908018,0.2653566165635131,0.9812425783093655,0.61875,0.29413543631134764,0.31481775125706773,0.2905918739252073,0.9280135879080126
0.05,50,sgd,"[16, 8, 16]",relu,0.5657894736842105,0.20503296569744478,0.19012345679012346,0.2248931623931624,1.0999142982631702,0.5975,0.22874257082608843,0.2667442433258405,0.24572916934028044,0.9895536365890982
0.05,50,gd,"[16, 8, 16]",relu,0.5175438596491229,0.21750137069407405,0.21733091787439615,0.22219790745652812,1.1021692970914523,0.5425,0.24695538632054492,0.265587665863909,0.24662803829470495,1.0472343890255649
0.05,50,mini-batch,"[16, 8, 16]",relu,0.6140350877192983,0.27670940170940167,0.28256242668007375,0.2789633068081344,0.9638346602660011,0.65125,0.31925723506721,0.3210525330157232,0.3216966966966967,0.8553768458082591
0.05,100,sgd,"[16, 8, 16]",relu,0.5657894736842105,0.20503296569744478,0.19012345679012346,0.2248931623931624,1.0999142982631702,0.5975,0.22874257082608843,0.2667442433258405,0.24572916934028044,0.9895536365890982
0.05,100,gd,"[16, 8, 16]",relu,0.5745614035087719,0.2541966580428119,0.25438091098689686,0.2585366931918656,1.0468895623351067,0.5725,0.270755824635135,0.2771809993781469,0.2708322638878195,0.9836549096083037
0.05,100,mini-batch,"[16, 8, 16]",relu,0.6140350877192983,0.27670940170940167,0.28256242668007375,0.2789633068081344,0.9638346602660011,0.65125,0.31925723506721,0.3210525330157232,0.3216966966966967,0.8553768458082591
0.01,50,sgd,"[8, 10]",tanh,0.6096491228070176,0.2786716355239149,0.286581663630844,0.27892646625405243,0.9911238054513027,0.66875,0.3526338377863992,0.4968530489118724,0.3430332041443153,0.8318131333652602
0.01,50,gd,"[8, 10]",tanh,0.43859649122807015,0.11037527593818985,0.08417508417508418,0.16025641025641027,1.6818145267847622,0.38625,0.11559204473069573,0.08301274275349761,0.23278727445394112,1.6750095844789052
0.01,50,mini-batch,"[8, 10]",tanh,0.631578947368421,0.2705896254283351,0.27621878285595103,0.27362584733274387,1.0276000262254146,0.595,0.29050502856476745,0.2876349826368572,0.2942515164737387,0.9536660361951615
0.01,100,sgd,"[8, 10]",tanh,0.6096491228070176,0.2786716355239149,0.286581663630844,0.27892646625405243,0.9911238054513027,0.66875,0.3526338377863992,0.4968530489118724,0.3430332041443153,0.8318131333652602
0.01,100,gd,"[8, 10]",tanh,0.49122807017543857,0.14361436143614362,0.21126465661641544,0.1823054818744474,1.4272383570375038,0.41625,0.134925867366543,0.1592721703248019,0.20789486067263843,1.377874944371153
0.01,100,mini-batch,"[8, 10]",tanh,0.5964912280701754,0.25903707679883164,0.26101960784313727,0.2627379899793693,0.9946502038213482,0.61875,0.3242684325131134,0.37938034188034186,0.3218972177305511,0.9094273031201664
0.01,50,sgd,"[16, 8]",tanh,0.618421052631579,0.28976243685546016,0.3021102497846684,0.29314544650751545,0.9932757350299651,0.6875,0.33734053610883447,0.3481028775146422,0.33876665126665123,0.7738871740197498
0.01,50,gd,"[16, 8]",tanh,0.44298245614035087,0.10295616717635066,0.07548579970104634,0.16185897435897437,1.6757810706353633,0.4,0.09635651912074676,0.06811409110259685,0.1646090534979424,1.7681042763764707
0.01,50,mini-batch,"[16, 8]",tanh,0.5877192982456141,0.23986214694179298,0.2581897513103602,0.24559313292071913,1.010189812584079,0.57875,0.24481895430134223,0.265305144062515,0.2503721670388337,0.9826251735910612
0.01,100,sgd,"[16, 8]",tanh,0.618421052631579,0.28976243685546016,0.3021102497846684,0.29314544650751545,0.9932757350299651,0.6875,0.33734053610883447,0.3481028775146422,0.33876665126665123,0.7738871740197498
0.01,100,gd,"[16, 8]",tanh,0.45614035087719296,0.10441767068273093,0.07602339181286549,0.16666666666666666,1.3631651055269005,0.405,0.09608540925266905,0.0675,0.16666666666666666,1.407169093323325
0.01,100,mini-batch,"[16, 8]",tanh,0.618421052631579,0.2772833176321489,0.2830306267806268,0.27894636015325674,0.9890056107230696,0.61625,0.29287582074618873,0.29366739114820956,0.2950872881428437,0.9225089891662936
0.01,50,sgd,"[8, 8, 4]",tanh,0.6271929824561403,0.3070580614868515,0.29403271848924023,0.3245969643383437,0.9185465895781382,0.6325,0.3176675268721459,0.30339798388332256,0.3403467570134237,0.8805999503853337
0.01,50,gd,"[8, 8, 4]",tanh,0.3815789473684211,0.09294871794871795,0.06444444444444444,0.16666666666666666,1.7236670262258555,0.4125,0.10082902914729151,0.08166727250696716,0.16626722876722877,1.6477418613591182
0.01,50,mini-batch,"[8, 8, 4]",tanh,0.39473684210526316,0.13129228299506937,0.13320411963668147,0.1661508989095196,1.1806315268066787,0.41875,0.14055570866634928,0.14017738117909515,0.16871037704371036,1.182854198178763
0.01,100,sgd,"[8, 8, 4]",tanh,0.6271929824561403,0.3070580614868515,0.29403271848924023,0.3245969643383437,0.9185465895781382,0.6325,0.3176675268721459,0.30339798388332256,0.3403467570134237,0.8805999503853337
0.01,100,gd,"[8, 8, 4]",tanh,0.3815789473684211,0.09294871794871795,0.06444444444444444,0.16666666666666666,1.4758124209047985,0.41125,0.09774212715389186,0.06949725390790029,0.16466466466466467,1.4228265962619242
0.01,100,mini-batch,"[8, 8, 4]",tanh,0.42543859649122806,0.14710733214840435,0.14810682893847193,0.17705570291777187,1.1605104754362925,0.445,0.1536362119350332,0.15501333263544184,0.1794850405961517,1.1646512784415586
0.01,50,sgd,"[16, 8, 16]",tanh,0.6228070175438597,0.27297487857398267,0.2912425784563189,0.2732928087238432,0.9765080307295089,0.67125,0.3551684145155243,0.4167336829461162,0.35106367050811493,0.8128193214215363
0.01,50,gd,"[16, 8, 16]",tanh,0.36403508771929827,0.0913091309130913,0.0640432098765432,0.1590038314176245,1.4313572785646478,0.39125,0.09958606950181853,0.07631821418101102,0.15886078386078387,1.3788355859371426
0.01,50,mini-batch,"[16, 8, 16]",tanh,0.5350877192982456,0.23315466876341284,0.24383037886687522,0.2362312113174182,1.062113695503227,0.55125,0.2602349390192858,0.26880696919744557,0.2614858448191782,1.0172819896722283
0.01,100,sgd,"[16, 8, 16]",tanh,0.6228070175438597,0.27297487857398267,0.2912425784563189,0.2732928087238432,0.9765080307295089,0.67125,0.3551684145155243,0.4167336829461162,0.35106367050811493,0.8128193214215363
0.01,100,gd,"[16, 8, 16]",tanh,0.40789473684210525,0.14296362552176506,0.1508659469185785,0.16970601237842617,1.2465878968329733,0.45875,0.1595336539314677,0.19885210553018776,0.18599529016195682,1.2292596347466722
0.01,100,mini-batch,"[16, 8, 16]",tanh,0.5614035087719298,0.25509017532498196,0.26790780141843973,0.25404214559386973,1.008443817030511,0.59,0.2925598991172762,0.2971357114513742,0.292305125638459,0.9474009039926918
0.05,50,sgd,"[8, 10]",tanh,0.6008771929824561,0.261865968945615,0.30155709824913574,0.26084217506631296,0.9676094871929048,0.6425,0.300977303732979,0.31293580971000323,0.300448953226731,0.8371540042022744
0.05,50,gd,"[8, 10]",tanh,0.5877192982456141,0.21637399589015505,0.20548299319727892,0.2338454170350722,1.2121330506630357,0.5575,0.22384856034594316,0.2239138847941697,0.23847672458783567,1.1215247594069815
0.05,50,mini-batch,"[8, 10]",tanh,0.6096491228070176,0.28645856925004903,0.2871384508859724,0.2887415266725612,0.9802559392156652,0.64125,0.33882022228311676,0.4787435642284179,0.33198048475826253,0.8647182032344142
0.05,100,sgd,"[8, 10]",tanh,0.6008771929824561,0.261865968945615,0.30155709824913574,0.26084217506631296,0.9676094871929048,0.6425,0.300977303732979,0.31293580971000323,0.300448953226731,0.8371540042022744
0.05,100,gd,"[8, 10]",tanh,0.6140350877192983,0.25985783424077435,0.26793232987923254,0.2630909224874742,1.1089951517032668,0.555,0.2579987474772107,0.2697365378286431,0.25694872222649995,1.0227265581645595
0.05,100,mini-batch,"[8, 10]",tanh,0.6096491228070176,0.28645856925004903,0.2871384508859724,0.2887415266725612,0.9802559392156652,0.64125,0.33882022228311676,0.4787435642284179,0.33198048475826253,0.8647182032344142
0.05,50,sgd,"[16, 8]",tanh,0.5701754385964912,0.2151249495551636,0.21788194444444445,0.2281152372531683,0.955194225464163,0.63375,0.3206242710405591,0.40418654597344944,0.3081077872744539,0.8483717843577824
0.05,50,gd,"[16, 8]",tanh,0.4780701754385965,0.16942368845653774,0.1569767441860465,0.18657898614795165,1.1471740687946412,0.52625,0.19266894035034823,0.17531090290495507,0.21389445000556115,1.154010751826651
0.05,50,mini-batch,"[16, 8]",tanh,0.5789473684210527,0.2506893208432602,0.25446428571428575,0.2547082228116711,0.9755946098950575,0.63,0.30398068099320347,0.30780012670256574,0.3049176313065202,0.8849025488110546
0.05,100,sgd,"[16, 8]",tanh,0.5701754385964912,0.2151249495551636,0.21788194444444445,0.2281152372531683,0.955194225464163,0.63375,0.3206242710405591,0.40418654597344944,0.3081077872744539,0.8483717843577824
0.05,100,gd,"[16, 8]",tanh,0.5614035087719298,0.20100439422473318,0.1859726295210166,0.21953286177424106,1.0741630804759403,0.56,0.20571405544809798,0.18783653644851986,0.22750528306083861,1.073652758632442
0.05,100,mini-batch,"[16, 8]",tanh,0.5789473684210527,0.2506893208432602,0.25446428571428575,0.2547082228116711,0.9755946098950575,0.63,0.30398068099320347,0.30780012670256574,0.3049176313065202,0.8849025488110546
0.05,50,sgd,"[8, 8, 4]",tanh,0.6052631578947368,0.2729512735326689,0.2816286875110405,0.27351237842617154,0.9981934054542436,0.63625,0.3079026249927245,0.30192203094830167,0.31428276567165453,0.8708278064578956
0.05,50,gd,"[8, 8, 4]",tanh,0.3815789473684211,0.09294871794871795,0.06444444444444444,0.16666666666666666,1.2388564101206208,0.4125,0.09786476868327403,0.06953223767383059,0.16516516516516516,1.2283573437510353
0.05,50,mini-batch,"[8, 8, 4]",tanh,0.6052631578947368,0.21709801762114536,0.19953542392566784,0.23806366047745361,0.9510571091217758,0.57875,0.21225367670621412,0.1934021263289556,0.23519352686019354,0.9784610582562749
0.05,100,sgd,"[8, 8, 4]",tanh,0.6052631578947368,0.2729512735326689,0.2816286875110405,0.27351237842617154,0.9981934054542436,0.63625,0.3079026249927245,0.30192203094830167,0.31428276567165453,0.8708278064578956
0.05,100,gd,"[8, 8, 4]",tanh,0.3684210526315789,0.12030075187969924,0.11887026691495965,0.15590922487474212,1.1974124959400834,0.39375,0.12983870967741937,0.12803215756092132,0.15853353353353353,1.1983692841275855
0.05,100,mini-batch,"[8, 8, 4]",tanh,0.6228070175438597,0.2728553676829539,0.2900094696969697,0.2736059534335396,0.9254043747757162,0.64625,0.3074416018463067,0.3166708291836749,0.3075998006553562,0.8749401628492376
0.05,50,sgd,"[16, 8, 16]",tanh,0.5307017543859649,0.20400250703281006,0.27597304255641375,0.22089448865310934,1.0404155912175692,0.58875,0.22805953497804218,0.3829925844901636,0.24358172274838943,0.8728896248771383
0.05,50,gd,"[16, 8, 16]",tanh,0.4868421052631579,0.17167908131595286,0.1577152600170503,0.18947096964338342,1.179719448197035,0.4675,0.17128736256005148,0.1559358547251616,0.18999555110666222,1.1641951846913912
0.05,50,mini-batch,"[16, 8, 16]",tanh,0.618421052631579,0.26737206537853664,0.27045402298850574,0.27137709991158265,0.9808790182278947,0.62375,0.3115920218337708,0.3082096664221665,0.3171173310062199,0.8987685306966572
0.05,100,sgd,"[16, 8, 16]",tanh,0.5307017543859649,0.20400250703281006,0.27597304255641375,0.22089448865310934,1.0404155912175692,0.58875,0.22805953497804218,0.3829925844901636,0.24358172274838943,0.8728896248771383
0.05,100,gd,"[16, 8, 16]",tanh,0.5307017543859649,0.22374818926543064,0.33535920211937037,0.22418729737695253,1.1330788586936982,0.485,0.1819847031837374,0.18924661599139792,0.19966547744325522,1.1019119282107288
0.05,100,mini-batch,"[16, 8, 16]",tanh,0.618421052631579,0.26737206537853664,0.27045402298850574,0.27137709991158265,0.9808790182278947,0.62375,0.3115920218337708,0.3082096664221665,0.3171173310062199,0.8987685306966572
0.01,50,sgd,"[8, 10]",sigmoid,0.6140350877192983,0.275430038101615,0.3069247239125535,0.2738454170350722,0.9782344949804563,0.6125,0.29439216725699796,0.3103942028819506,0.29125653431208987,0.9176544840817411
0.01,50,gd,"[8, 10]",sigmoid,0.45614035087719296,0.10766045548654245,0.07951070336391437,0.16666666666666666,1.5534321666187447,0.405,0.11644628813412844,0.08413180649684505,0.19127888572333016,1.5820484041706737
0.01,50,mini-batch,"[8, 10]",sigmoid,0.5964912280701754,0.21726231229175222,0.205136276592954,0.2379899793692897,1.151211574404143,0.55375,0.20358993703913275,0.19142206111745294,0.22444666889111334,1.148300416504408
0.01,100,sgd,"[8, 10]",sigmoid,0.6140350877192983,0.275430038101615,0.3069247239125535,0.2738454170350722,0.9782344949804563,0.6125,0.29439216725699796,0.3103942028819506,0.29125653431208987,0.9176544840817411
0.01,100,gd,"[8, 10]",sigmoid,0.5307017543859649,0.16917585524455755,0.17012516469038208,0.2004862953138815,1.3932719612708895,0.485,0.16376859342778002,0.15826034430685595,0.1983372261150039,1.4162849674238733
0.01,100,mini-batch,"[8, 10]",sigmoid,0.6228070175438597,0.22317902085055574,0.20507650951199338,0.24478706159740646,1.1156396233492805,0.5525,0.2029711142024778,0.18582182343650233,0.22432154376598823,1.113384291755441
0.01,50,sgd,"[16, 8]",sigmoid,0.618421052631579,0.26091682697343377,0.31382275132275134,0.26250147362216325,0.9656137196368687,0.6025,0.2753942473452916,0.3009824561403509,0.27437533687533683,0.9298106930695653
0.01,50,gd,"[16, 8]",sigmoid,0.45614035087719296,0.10441767068273093,0.07602339181286549,0.16666666666666666,1.7344121726247688,0.405,0.09608540925266905,0.0675,0.16666666666666666,1.8509868359678165
0.01,50,mini-batch,"[16, 8]",sigmoid,0.5789473684210527,0.21007822586769956,0.19581881533101045,0.23001399941055112,1.1632396749441627,0.5375,0.19760845568932975,0.1852362761743067,0.21788455121788455,1.17066844797974
0.01,100,sgd,"[16, 8]",sigmoid,0.618421052631579,0.26091682697343377,0.31382275132275134,0.26250147362216325,0.9656137196368687,0.6025,0.2753942473452916,0.3009824561403509,0.27437533687533683,0.9298106930695653
0.01,100,gd,"[16, 8]",sigmoid,0.45614035087719296,0.10441767068273093,0.07602339181286549,0.16666666666666666,1.4549567558549281,0.405,0.09608540925266905,0.0675,0.16666666666666666,1.5308811390715038
0.01,100,mini-batch,"[16, 8]",sigmoid,0.5833333333333334,0.20746201758859986,0.19072681704260652,0.22817197170645445,1.139883820841809,0.55875,0.20539359482263284,0.1881112007258796,0.22689356022689355,1.1421145764159413
0.01,50,sgd,"[8, 8, 4]",sigmoid,0.45614035087719296,0.10441767068273093,0.07602339181286549,0.16666666666666666,1.1834878462894958,0.405,0.09608540925266905,0.0675,0.16666666666666666,1.1842283657726038
0.01,50,gd,"[8, 8, 4]",sigmoid,0.3815789473684211,0.09206349206349207,0.06359649122807018,0.16666666666666666,1.6732269793719956,0.41625,0.09796999117387467,0.069375,0.16666666666666666,1.5948592393819405
0.01,50,mini-batch,"[8, 8, 4]",sigmoid,0.3815789473684211,0.09206349206349207,0.06359649122807018,0.16666666666666666,1.1846459241026295,0.41625,0.09796999117387467,0.069375,0.16666666666666666,1.1903867201436773
0.01,100,sgd,"[8, 8, 4]",sigmoid,0.45614035087719296,0.10441767068273093,0.07602339181286549,0.16666666666666666,1.1834878462894958,0.405,0.09608540925266905,0.0675,0.16666666666666666,1.1842283657726038
0.01,100,gd,"[8, 8, 4]",sigmoid,0.3815789473684211,0.09206349206349207,0.06359649122807018,0.16666666666666666,1.485905065650797,0.41625,0.09796999117387467,0.069375,0.16666666666666666,1.4347025746336066
0.01,100,mini-batch,"[8, 8, 4]",sigmoid,0.3815789473684211,0.09206349206349207,0.06359649122807018,0.16666666666666666,1.183953726741571,0.41625,0.09796999117387467,0.069375,0.16666666666666666,1.1881826012962373
0.01,50,sgd,"[16, 8, 16]",sigmoid,0.6140350877192983,0.2605820105820105,0.27805932004817097,0.2637709991158267,0.9577693132825501,0.61125,0.2952939057957217,0.30678681116071205,0.2945905307016418,0.9323969472014619
0.01,50,gd,"[16, 8, 16]",sigmoid,0.45614035087719296,0.10441767068273093,0.07602339181286549,0.16666666666666666,1.3683283961225758,0.405,0.09608540925266905,0.0675,0.16666666666666666,1.346822352701143
0.01,50,mini-batch,"[16, 8, 16]",sigmoid,0.3815789473684211,0.09206349206349207,0.06359649122807018,0.16666666666666666,1.1905258023906835,0.41625,0.09887100652914065,0.1526733500417711,0.16668056945834722,1.1842766467894748
0.01,100,sgd,"[16, 8, 16]",sigmoid,0.6140350877192983,0.2605820105820105,0.27805932004817097,0.2637709991158267,0.9577693132825501,0.61125,0.2952939057957217,0.30678681116071205,0.2945905307016418,0.9323969472014619
0.01,100,gd,"[16, 8, 16]",sigmoid,0.4649122807017544,0.1549258430690198,0.14684544630133436,0.1773872679045093,1.2814017709808951,0.4475,0.15750533770764985,0.14718679598531723,0.1826270715159604,1.265501192149776
0.01,100,mini-batch,"[16, 8, 16]",sigmoid,0.3815789473684211,0.09206349206349207,0.06359649122807018,0.16666666666666666,1.1898680158568968,0.41625,0.09796999117387467,0.069375,0.16666666666666666,1.183342717885463
0.05,50,sgd,"[8, 10]",sigmoid,0.6140350877192983,0.2728581161641969,0.28808670904259137,0.2747848511641615,0.9895146435647569,0.63625,0.31509760500936973,0.3205847370296534,0.3150511622733845,0.8843691247770914
0.05,50,gd,"[8, 10]",sigmoid,0.5087719298245614,0.18524984481688392,0.18413943355119824,0.20625184202770408,1.2432602525613863,0.5025,0.17976277224516235,0.17994737305148323,0.20303636970303637,1.2535202063812492
0.05,50,mini-batch,"[8, 10]",sigmoid,0.631578947368421,0.22591277890466532,0.20755208333333333,0.24799218980253465,1.0097691777640794,0.56375,0.20698207631056995,0.1889405590826382,0.22902068735402067,1.0155899813225249
0.05,100,sgd,"[8, 10]",sigmoid,0.6140350877192983,0.2728581161641969,0.28808670904259137,0.2747848511641615,0.9895146435647569,0.63625,0.31509760500936973,0.3205847370296534,0.3150511622733845,0.8843691247770914
0.05,100,gd,"[8, 10]",sigmoid,0.5219298245614035,0.19048392837798103,0.18862704624294027,0.2110595343353964,1.1827342867500104,0.5275,0.19165914596494563,0.1867622724765582,0.2134078522967412,1.1825627542743882
0.05,100,mini-batch,"[8, 10]",sigmoid,0.6228070175438597,0.26156628566428836,0.30018253968253966,0.26410403772472735,0.971298065755317,0.5925,0.27718300126076795,0.30173744821498083,0.2747795872795873,0.9579945523282505
0.05,50,sgd,"[16, 8]",sigmoid,0.6052631578947368,0.2428476619970575,0.3754203231362257,0.25320218096080166,0.9945586441131615,0.61375,0.2596967097896267,0.31864327801827796,0.2641081252192363,0.8966090449517615
0.05,50,gd,"[16, 8]",sigmoid,0.4649122807017544,0.11566380773697847,0.20163690476190477,0.1708112290008842,1.2201746302282768,0.4175,0.10827062964146848,0.14006493076260518,0.1716577688799911,1.2451770322999902
0.05,50,mini-batch,"[16, 8]",sigmoid,0.5877192982456141,0.20977740858676755,0.19270221595802992,0.23040082522841143,1.0261921852853275,0.56375,0.20671089916372934,0.18832137936497018,0.22909020131242352,1.024909516913372
0.05,100,sgd,"[16, 8]",sigmoid,0.6052631578947368,0.2428476619970575,0.3754203231362257,0.25320218096080166,0.9945586441131615,0.61375,0.2596967097896267,0.31864327801827796,0.2641081252192363,0.8966090449517615
0.05,100,gd,"[16, 8]",sigmoid,0.5219298245614035,0.1904029270383638,0.18321513002364065,0.20980695549661066,1.182079576789648,0.51125,0.186801900199164,0.1789824164447349,0.20698476254031808,1.1976720321708296
0.05,100,mini-batch,"[16, 8]",sigmoid,0.6096491228070176,0.2567655474485534,0.31013563730955035,0.25835691128794575,0.970685930757417,0.59375,0.26745479552447377,0.29537823472804736,0.2676073509406843,0.9581103655950707
0.05,50,sgd,"[8, 8, 4]",sigmoid,0.5921052631578947,0.24678371985612113,0.26313718581160445,0.25100722074860005,0.9732607713550943,0.62875,0.2997659851375894,0.3087033359787576,0.30063450202339087,0.8894809882365997
0.05,50,gd,"[8, 8, 4]",sigmoid,0.3815789473684211,0.09206349206349207,0.06359649122807018,0.16666666666666666,1.2536602156699057,0.41625,0.09796999117387467,0.069375,0.16666666666666666,1.2481482512720776
0.05,50,mini-batch,"[8, 8, 4]",sigmoid,0.38596491228070173,0.09553129107269236,0.23054331864904554,0.16826923076923075,1.1841055236202085,0.40875,0.09870442984315388,0.09446779395953475,0.1636914692470248,1.1854732517099418
0.05,100,sgd,"[8, 8, 4]",sigmoid,0.5921052631578947,0.24678371985612113,0.26313718581160445,0.25100722074860005,0.9732607713550943,0.62875,0.2997659851375894,0.3087033359787576,0.30063450202339087,0.8894809882365997
0.05,100,gd,"[8, 8, 4]",sigmoid,0.3815789473684211,0.09206349206349207,0.06359649122807018,0.16666666666666666,1.1982601067922862,0.41625,0.09796999117387467,0.069375,0.16666666666666666,1.2064130948712446
0.05,100,mini-batch,"[8, 8, 4]",sigmoid,0.38596491228070173,0.09553129107269236,0.23054331864904554,0.16826923076923075,1.1841055236202085,0.40875,0.09870442984315388,0.09446779395953475,0.1636914692470248,1.1854732517099418
0.05,50,sgd,"[16, 8, 16]",sigmoid,0.631578947368421,0.24143368039039514,0.27155555555555555,0.25681402888299437,0.9762221311592153,0.61875,0.27760882290336314,0.322426298226745,0.27618163034829707,0.9086504012228047
0.05,50,gd,"[16, 8, 16]",sigmoid,0.3815789473684211,0.09206349206349207,0.06359649122807018,0.16666666666666666,1.2149844600247117,0.41625,0.09796999117387467,0.069375,0.16666666666666666,1.2066049391847686
0.05,50,mini-batch,"[16, 8, 16]",sigmoid,0.3815789473684211,0.09206349206349207,0.06359649122807018,0.16666666666666666,1.192012854576685,0.41625,0.09796999117387467,0.069375,0.16666666666666666,1.1814212307022864
0.05,100,sgd,"[16, 8, 16]",sigmoid,0.631578947368421,0.24143368039039514,0.27155555555555555,0.25681402888299437,0.9762221311592153,0.61875,0.27760882290336314,0.322426298226745,0.27618163034829707,0.9086504012228047
0.05,100,gd,"[16, 8, 16]",sigmoid,0.3815789473684211,0.09206349206349207,0.06359649122807018,0.16666666666666666,1.1974606431480441,0.41625,0.09796999117387467,0.069375,0.16666666666666666,1.1911479335734978
0.05,100,mini-batch,"[16, 8, 16]",sigmoid,0.3815789473684211,0.09206349206349207,0.06359649122807018,0.16666666666666666,1.192012854576685,0.41625,0.09796999117387467,0.069375,0.16666666666666666,1.1814212307022864
